Transaction_ID,Timestamp,User_ID,Amount_VND,Payment_Method,Merchant_Category,Location,Is_Fraud,Hour,Day_Of_Week,Is_Weekend,Time_Since_Last_Transaction,Daily_Cumulative_Amount
TXN20260000,2026-01-06 07:43:24.286652,USER_436,1685255,E-Wallet,Transport,Đà Nẵng,0,7,1,0,266492.93,1685255
TXN20260003,2026-03-12 11:58:58.523311,USER_270,390853,E-Wallet,Utilities,Hải Phòng,0,11,3,0,-0.02,390853
TXN20260007,2026-03-19 00:48:13.006103,USER_260,93589,E-Wallet,Utilities,Đà Nẵng,0,0,3,0,389196.48,93589
TXN20260010,2025-05-19 08:48:01.649149,USER_227,531208,E-Wallet,Utilities,Hà Nội,0,8,0,0,-0.02,531208
TXN20260014,2025-05-27 04:11:50.397684,USER_200,1097393,E-Wallet,Supermarket,Hải Phòng,0,4,1,0,-0.02,1097393
TXN20260015,2025-06-12 08:09:20.457862,USER_174,901486,E-Wallet,Utilities,TP.HCM,0,8,3,0,-0.02,901486
TXN20260018,2025-05-19 16:35:19.718277,USER_275,3335021,E-Wallet,Shopping,Hà Nội,0,16,0,0,-0.02,3335021
TXN20260019,2025-11-11 06:25:12.023469,USER_373,2363370,E-Wallet,Shopping,Cần Thơ,0,6,1,0,-0.02,2363370
TXN20260021,2025-10-19 12:15:07.338241,USER_447,1355954,E-Wallet,Shopping,Cần Thơ,0,12,6,1,-0.02,1355954
TXN20260026,2025-08-22 08:09:11.400654,USER_265,1386318,E-Wallet,Shopping,TP.HCM,0,8,4,0,-0.02,1386318
TXN20260027,2025-10-22 08:54:53.820774,USER_312,2401370,E-Wallet,Food & Beverage,Cần Thơ,0,8,2,0,9319.79,2401370
TXN20260029,2025-04-19 03:09:37.645571,USER_166,3112944,E-Wallet,Shopping,Đà Nẵng,1,3,5,1,-0.02,3112944
TXN20260031,2025-08-05 11:26:23.611234,USER_117,3985242,E-Wallet,Supermarket,TP.HCM,0,11,1,0,-0.02,3985242
TXN20260035,2025-09-01 06:09:26.106957,USER_133,963639,E-Wallet,Shopping,TP.HCM,0,6,0,0,185567.64,963639
TXN20260036,2026-01-23 17:13:13.320492,USER_272,1114523,E-Wallet,Food & Beverage,Hà Nội,0,17,4,0,28016.28,1114523
TXN20260039,2025-12-30 07:48:56.370472,USER_113,1076014,E-Wallet,Shopping,TP.HCM,0,7,1,0,236013.17,1076014
TXN20260040,2026-03-04 22:11:33.440177,USER_333,1359587,E-Wallet,Supermarket,Hà Nội,0,22,2,0,235966.8,1359587
TXN20260047,2025-08-02 09:10:17.532033,USER_419,1397125,E-Wallet,Shopping,Đà Nẵng,0,9,5,1,-0.02,1397125
TXN20260048,2026-02-27 11:20:36.558436,USER_430,1599754,E-Wallet,Shopping,TP.HCM,0,11,4,0,-0.02,1599754
TXN20260049,2025-11-22 18:19:52.747377,USER_388,3541104,E-Wallet,Utilities,Đà Nẵng,0,18,5,1,252552.04,3541104
TXN20260050,2026-01-08 02:20:17.213947,USER_308,3793891,E-Wallet,Transport,Hà Nội,0,2,3,0,231583.45,3793891
TXN20260052,2025-09-22 01:24:45.577103,USER_333,3577102,E-Wallet,Transport,Hà Nội,0,1,0,0,201794.94,3577102
TXN20260057,2025-12-01 19:38:25.178054,USER_112,3212865,E-Wallet,Utilities,TP.HCM,0,19,0,0,98308.26,3212865
TXN20260060,2025-08-05 05:54:30.203891,USER_369,1473889,E-Wallet,Shopping,Hải Phòng,0,5,1,0,98820.18,1473889
TXN20260062,2026-01-23 07:23:45.447307,USER_115,4601413,E-Wallet,Utilities,Hà Nội,0,7,4,0,106338.49,4601413
TXN20260067,2025-04-22 05:30:53.733446,USER_273,1520004,E-Wallet,Shopping,TP.HCM,0,5,1,0,34889.95,1520004
TXN20260072,2025-06-18 14:02:33.028746,USER_411,3546578,E-Wallet,Transport,Hải Phòng,0,14,2,0,-0.02,3546578
TXN20260079,2026-02-20 18:08:04.953643,USER_377,281320,E-Wallet,Transport,Hải Phòng,0,18,4,0,187612.66,281320
TXN20260082,2025-12-19 01:35:13.808114,USER_411,1703614,E-Wallet,Utilities,TP.HCM,0,1,4,0,264212.68,1703614
TXN20260084,2025-05-17 20:17:09.953410,USER_335,1804018,E-Wallet,Shopping,TP.HCM,0,20,5,1,40085.75,1804018
TXN20260085,2025-08-07 17:55:27.898245,USER_325,665928,E-Wallet,Shopping,Cần Thơ,0,17,3,0,-0.02,665928
TXN20260088,2026-02-01 10:57:35.092955,USER_146,4396327,E-Wallet,Shopping,Hải Phòng,0,10,6,1,-0.02,4396327
TXN20260090,2025-11-21 09:00:24.368401,USER_300,4506015,E-Wallet,Transport,Cần Thơ,0,9,4,0,-0.02,4506015
TXN20260091,2025-10-06 14:57:54.289409,USER_358,4906027,E-Wallet,Utilities,Hà Nội,0,14,0,0,145802.54,4906027
TXN20260093,2025-08-19 10:28:01.971087,USER_161,1216054,E-Wallet,Food & Beverage,Hải Phòng,0,10,1,0,-0.02,1216054
TXN20260096,2026-02-03 04:46:30.271558,USER_204,3440530,E-Wallet,Utilities,Hà Nội,1,4,1,0,272616.77,3440530
TXN20260105,2025-06-21 06:52:35.922118,USER_171,2349252,E-Wallet,Transport,TP.HCM,0,6,5,1,-0.02,2349252
TXN20260106,2025-07-03 14:48:47.819721,USER_124,2366082,E-Wallet,Shopping,Hải Phòng,0,14,3,0,-0.02,2366082
TXN20260116,2025-10-06 02:55:08.672839,USER_344,3783251,E-Wallet,Utilities,TP.HCM,1,2,0,0,123767.94,3783251
TXN20260123,2026-03-18 17:19:00.274668,USER_383,3202624,E-Wallet,Shopping,Hải Phòng,0,17,2,0,-0.02,3202624
TXN20260125,2025-04-22 19:07:41.385236,USER_129,1532678,E-Wallet,Food & Beverage,Hà Nội,0,19,1,0,-0.02,1532678
TXN20260134,2025-11-29 09:01:04.658858,USER_224,268397,E-Wallet,Supermarket,Hà Nội,0,9,5,1,-0.02,268397
TXN20260136,2025-08-22 03:16:51.423626,USER_239,3650685,E-Wallet,Food & Beverage,Hải Phòng,1,3,4,0,-0.02,3650685
TXN20260138,2025-05-02 07:16:33.808295,USER_305,1737260,E-Wallet,Shopping,Cần Thơ,0,7,4,0,-0.02,1737260
TXN20260140,2025-10-13 11:15:25.383544,USER_377,3255421,E-Wallet,Utilities,Hà Nội,0,11,0,0,97974.64,3255421
TXN20260143,2026-01-23 08:59:13.760496,USER_491,1549013,E-Wallet,Shopping,Đà Nẵng,0,8,4,0,-0.02,1549013
TXN20260145,2025-10-07 19:35:53.856402,USER_223,4673147,E-Wallet,Utilities,Hà Nội,0,19,1,0,-0.02,4673147
TXN20260149,2025-08-25 13:01:27.547976,USER_137,3765518,E-Wallet,Utilities,Đà Nẵng,0,13,0,0,182701.77,3765518
TXN20260150,2025-07-28 19:34:11.117661,USER_415,4205792,E-Wallet,Utilities,Đà Nẵng,0,19,0,0,11924.8,4205792
TXN20260155,2025-05-21 04:39:13.870385,USER_424,1629782,E-Wallet,Utilities,Cần Thơ,0,4,2,0,-0.02,1629782
TXN20260160,2025-07-12 08:02:42.455480,USER_241,1295076,E-Wallet,Shopping,Hà Nội,0,8,5,1,134092.7,1295076
TXN20260167,2025-07-17 01:42:15.102659,USER_213,3398208,E-Wallet,Shopping,TP.HCM,0,1,3,0,81325.51,3398208
TXN20260168,2025-05-21 14:16:44.802255,USER_213,2743140,E-Wallet,Shopping,Hà Nội,0,14,2,0,48404.75,2743140
TXN20260169,2025-08-17 02:14:43.962676,USER_482,2387191,E-Wallet,Utilities,Hải Phòng,1,2,6,1,38033.29,2387191
TXN20260171,2026-03-14 19:03:02.152608,USER_240,613087,E-Wallet,Utilities,Đà Nẵng,0,19,5,1,103702.47,613087
TXN20260175,2026-02-23 15:06:38.375297,USER_296,4652212,E-Wallet,Shopping,Hải Phòng,0,15,0,0,196437.69,4652212
TXN20260176,2025-06-13 15:02:18.110451,USER_273,2888437,E-Wallet,Transport,Đà Nẵng,0,15,4,0,75451.41,2888437
TXN20260178,2026-02-16 06:05:51.256011,USER_477,4723989,E-Wallet,Transport,Hà Nội,0,6,0,0,-0.02,4723989
TXN20260197,2025-04-30 16:55:26.932780,USER_308,2086608,E-Wallet,Shopping,Hải Phòng,0,16,2,0,-0.02,2086608
TXN20260198,2025-08-31 21:21:01.984614,USER_104,875765,E-Wallet,Shopping,Hải Phòng,0,21,6,1,-0.02,875765
TXN20260204,2025-08-20 04:38:00.536171,USER_384,3458284,E-Wallet,Shopping,Cần Thơ,1,4,2,0,-0.02,3458284
TXN20260209,2025-04-10 05:10:00.257062,USER_241,2010843,E-Wallet,Shopping,Đà Nẵng,0,5,3,0,-0.02,2010843
TXN20260213,2025-11-26 18:59:34.710558,USER_358,1689902,E-Wallet,Transport,Hà Nội,0,18,2,0,23368.6,1689902
TXN20260214,2025-07-10 05:31:04.596398,USER_309,3531151,E-Wallet,Transport,Hà Nội,0,5,3,0,77025.17,3531151
TXN20260216,2026-01-20 23:56:08.070180,USER_492,2338569,E-Wallet,Utilities,Hải Phòng,0,23,1,0,-0.02,2338569
TXN20260229,2026-01-15 06:02:53.266342,USER_463,3065514,E-Wallet,Shopping,Hà Nội,0,6,3,0,126868.84,3065514
TXN20260230,2025-05-19 14:32:59.377614,USER_318,2113357,E-Wallet,Food & Beverage,Đà Nẵng,0,14,0,0,-0.02,2113357
TXN20260234,2025-05-28 11:39:42.320571,USER_222,2474930,E-Wallet,Food & Beverage,Cần Thơ,0,11,2,0,-0.02,2474930
TXN20260242,2025-08-04 14:52:48.619178,USER_346,4920230,E-Wallet,Utilities,Cần Thơ,0,14,0,0,-0.02,4920230
TXN20260243,2025-06-14 11:03:49.719915,USER_307,1119159,E-Wallet,Supermarket,TP.HCM,0,11,5,1,-0.02,1119159
TXN20260253,2025-05-07 04:59:06.682506,USER_179,2376266,E-Wallet,Shopping,Hải Phòng,1,4,2,0,-0.02,2376266
TXN20260259,2025-11-30 00:33:35.647041,USER_372,589281,E-Wallet,Shopping,Hải Phòng,0,0,6,1,41913.81,589281
TXN20260262,2025-10-19 19:20:31.346041,USER_155,1572651,E-Wallet,Utilities,Hải Phòng,0,19,6,1,-0.02,1572651
TXN20260265,2025-09-29 13:31:30.959239,USER_345,158543,E-Wallet,Food & Beverage,Đà Nẵng,0,13,0,0,157399.94,158543
TXN20260267,2025-07-20 00:02:08.240109,USER_225,164976,E-Wallet,Shopping,TP.HCM,0,0,6,1,-0.02,164976
TXN20260275,2025-11-14 14:15:55.628359,USER_145,2913337,E-Wallet,Food & Beverage,Đà Nẵng,0,14,4,0,-0.02,2913337
TXN20260289,2025-11-07 05:27:01.116165,USER_390,1418085,E-Wallet,Supermarket,Cần Thơ,0,5,4,0,319509.4,1418085
TXN20260292,2026-03-24 18:41:35.592574,USER_136,1218262,E-Wallet,Transport,Hà Nội,0,18,1,0,242354.2,1218262
TXN20260295,2025-12-29 15:39:45.571965,USER_236,3538962,E-Wallet,Utilities,TP.HCM,0,15,0,0,255507.11,3538962
TXN20260300,2025-09-24 13:10:09.316369,USER_112,2261907,E-Wallet,Supermarket,Cần Thơ,0,13,2,0,-0.02,2261907
TXN20260301,2025-05-11 17:11:23.884914,USER_417,1818316,E-Wallet,Utilities,Hải Phòng,0,17,6,1,-0.02,1818316
TXN20260307,2025-10-24 19:40:35.372425,USER_214,2181519,E-Wallet,Transport,Hải Phòng,0,19,4,0,-0.02,2181519
TXN20260315,2026-02-24 15:54:55.284266,USER_119,3662504,E-Wallet,Supermarket,Hải Phòng,0,15,1,0,56128.77,3662504
TXN20260318,2026-03-19 19:54:02.504458,USER_376,3347337,E-Wallet,Supermarket,Cần Thơ,0,19,3,0,487963.04,3347337
TXN20260319,2026-03-12 18:32:53.236359,USER_193,4040782,E-Wallet,Supermarket,Hà Nội,0,18,3,0,-0.02,4040782
TXN20260321,2025-09-28 06:35:24.783784,USER_162,4582762,E-Wallet,Supermarket,Hải Phòng,0,6,6,1,-0.02,4582762
TXN20260322,2025-10-01 15:23:07.816252,USER_450,4189882,E-Wallet,Utilities,TP.HCM,0,15,2,0,134551.67,4189882
TXN20260323,2025-06-27 18:28:10.809054,USER_350,901655,E-Wallet,Shopping,Hà Nội,0,18,4,0,-0.02,901655
TXN20260325,2025-04-29 05:13:42.408798,USER_472,4600447,E-Wallet,Transport,Đà Nẵng,0,5,1,0,-0.02,4600447
TXN20260332,2025-05-29 09:16:12.780954,USER_292,2173656,E-Wallet,Shopping,TP.HCM,0,9,3,0,-0.02,2173656
TXN20260335,2025-07-30 02:51:40.973682,USER_179,1259725,E-Wallet,Utilities,Hải Phòng,0,2,2,0,120832.57,1259725
TXN20260338,2025-04-12 18:42:31.888463,USER_311,4543230,E-Wallet,Transport,Đà Nẵng,0,18,5,1,-0.02,4543230
TXN20260339,2026-01-27 23:39:51.489051,USER_408,2011012,E-Wallet,Utilities,TP.HCM,0,23,1,0,129113.82,2011012
TXN20260340,2025-04-04 21:15:48.156644,USER_431,1611110,E-Wallet,Supermarket,TP.HCM,0,21,4,0,-0.02,1611110
TXN20260343,2026-01-23 16:50:39.470644,USER_247,1694330,E-Wallet,Utilities,Cần Thơ,0,16,4,0,147197.75,1694330
TXN20260350,2025-08-15 13:24:22.761700,USER_367,3060990,E-Wallet,Transport,Hà Nội,0,13,4,0,-0.02,3060990
TXN20260353,2025-04-01 02:54:34.179595,USER_185,4818494,E-Wallet,Supermarket,Hà Nội,1,2,1,0,-0.02,4818494
TXN20260354,2025-12-09 08:48:02.713004,USER_382,3090024,E-Wallet,Supermarket,TP.HCM,0,8,1,0,-0.02,3090024
TXN20260359,2025-05-04 04:56:34.784546,USER_329,2470784,E-Wallet,Transport,Cần Thơ,1,4,6,1,-0.02,2470784
TXN20260362,2026-03-11 00:59:41.454943,USER_317,1854540,E-Wallet,Supermarket,Hà Nội,0,0,2,0,254946.74,1854540
TXN20260368,2025-11-15 14:09:36.082629,USER_418,3495916,E-Wallet,Food & Beverage,TP.HCM,0,14,5,1,65409.84,3495916
TXN20260373,2025-11-07 09:05:27.493800,USER_316,2298078,E-Wallet,Food & Beverage,TP.HCM,0,9,4,0,70746.34,2298078
TXN20260374,2025-10-30 07:46:02.145905,USER_408,71328,E-Wallet,Shopping,TP.HCM,0,7,3,0,140614.2,71328
TXN20260375,2025-06-23 07:49:36.694113,USER_277,2907070,E-Wallet,Transport,Cần Thơ,0,7,0,0,-0.02,2907070
TXN20260381,2026-02-26 08:35:05.434144,USER_202,3122221,E-Wallet,Utilities,Đà Nẵng,0,8,3,0,-0.02,3122221
TXN20260383,2026-01-29 15:06:11.954762,USER_384,2737093,E-Wallet,Shopping,Đà Nẵng,0,15,3,0,233908.19,2737093
TXN20260384,2025-08-28 15:48:04.051134,USER_217,744339,E-Wallet,Transport,Đà Nẵng,0,15,3,0,173049.69,744339
TXN20260388,2025-10-01 07:52:31.366811,USER_168,3163516,E-Wallet,Utilities,Đà Nẵng,0,7,2,0,166460.92,3163516
TXN20260394,2025-05-25 22:24:54.502459,USER_173,2177562,E-Wallet,Shopping,Hải Phòng,0,22,6,1,-0.02,2177562
TXN20260397,2026-01-27 03:46:19.527043,USER_194,2786893,E-Wallet,Supermarket,Cần Thơ,1,3,1,0,-0.02,2786893
TXN20260404,2026-01-30 00:19:41.637709,USER_419,4523314,E-Wallet,Utilities,Cần Thơ,0,0,4,0,260109.4,4523314
TXN20260405,2025-12-23 18:27:11.928877,USER_268,1317868,E-Wallet,Supermarket,Đà Nẵng,0,18,1,0,-0.02,1317868
TXN20260407,2025-08-28 15:16:06.122479,USER_190,206839,E-Wallet,Food & Beverage,Hà Nội,0,15,3,0,81459.84,206839
TXN20260412,2026-01-31 00:08:05.493012,USER_194,4913744,E-Wallet,Transport,Hà Nội,0,0,5,1,5541.77,4913744
TXN20260413,2025-07-14 15:10:23.557341,USER_271,4255798,E-Wallet,Shopping,TP.HCM,0,15,0,0,38251.88,4255798
TXN20260417,2025-08-28 02:04:24.037799,USER_153,3568553,E-Wallet,Supermarket,Hải Phòng,0,2,3,0,-0.02,3568553
TXN20260422,2025-07-22 18:03:51.370769,USER_392,191305,E-Wallet,Supermarket,Hải Phòng,0,18,1,0,-0.02,191305
TXN20260429,2026-03-14 12:12:27.650945,USER_259,998636,E-Wallet,Supermarket,Hải Phòng,0,12,5,1,-0.02,998636
TXN20260430,2025-10-19 03:34:02.922130,USER_463,3370091,E-Wallet,Utilities,Hải Phòng,1,3,6,1,-0.02,3370091
TXN20260432,2025-07-12 11:04:20.914846,USER_253,1832265,E-Wallet,Transport,Cần Thơ,0,11,5,1,-0.02,1832265
TXN20260441,2025-06-01 20:45:05.707416,USER_385,506571,E-Wallet,Shopping,Đà Nẵng,0,20,6,1,-0.02,506571
TXN20260446,2026-02-09 23:34:30.548437,USER_435,2052529,E-Wallet,Utilities,Đà Nẵng,0,23,0,0,-0.02,2052529
TXN20260455,2025-07-30 15:10:04.310390,USER_100,2817133,E-Wallet,Utilities,Hải Phòng,0,15,2,0,-0.02,2817133
TXN20260461,2025-12-13 15:23:52.939001,USER_425,4358639,E-Wallet,Supermarket,Hải Phòng,0,15,5,1,-0.02,4358639
TXN20260463,2025-06-21 18:11:44.305735,USER_260,4883748,E-Wallet,Food & Beverage,TP.HCM,0,18,5,1,-0.02,4883748
TXN20260478,2025-06-29 17:19:41.943546,USER_360,720409,E-Wallet,Utilities,Cần Thơ,0,17,6,1,-0.02,720409
TXN20260479,2025-08-15 13:48:38.811324,USER_498,2954579,E-Wallet,Utilities,Hải Phòng,0,13,4,0,-0.02,2954579
TXN20260484,2025-11-26 12:13:54.507425,USER_219,1817714,E-Wallet,Transport,Đà Nẵng,0,12,2,0,7253.26,1817714
TXN20260489,2025-09-25 10:20:13.477505,USER_235,2692299,E-Wallet,Utilities,Hà Nội,0,10,3,0,54366.96,2692299
TXN20260490,2025-12-28 19:45:02.835552,USER_458,787782,E-Wallet,Food & Beverage,Đà Nẵng,0,19,6,1,-0.02,787782
TXN20260494,2025-09-10 10:53:34.368588,USER_195,4151904,E-Wallet,Supermarket,Cần Thơ,0,10,2,0,-0.02,4151904
TXN20260501,2025-07-21 16:21:26.275095,USER_482,3373278,E-Wallet,Utilities,Đà Nẵng,0,16,0,0,127171.76,3373278
TXN20260502,2025-06-20 20:33:11.454136,USER_107,3392256,E-Wallet,Shopping,Cần Thơ,0,20,4,0,-0.02,3392256
TXN20260503,2026-03-04 04:26:29.839886,USER_400,3173921,E-Wallet,Supermarket,Cần Thơ,0,4,2,0,-0.02,3173921
TXN20260505,2025-06-04 02:31:23.577443,USER_486,4835311,E-Wallet,Transport,TP.HCM,1,2,2,0,-0.02,4835311
TXN20260509,2025-11-12 08:41:35.969279,USER_239,1053785,E-Wallet,Supermarket,Hải Phòng,0,8,2,0,118404.74,1053785
TXN20260511,2026-03-04 15:02:55.741874,USER_203,2481702,E-Wallet,Transport,Đà Nẵng,0,15,2,0,-0.02,2481702
TXN20260515,2026-03-02 10:24:44.831545,USER_215,942367,E-Wallet,Transport,TP.HCM,0,10,0,0,-0.02,942367
TXN20260518,2025-09-16 19:01:43.109163,USER_271,2972736,E-Wallet,Transport,Cần Thơ,0,19,1,0,92391.33,2972736
TXN20260522,2025-12-07 02:43:25.525052,USER_405,4598223,E-Wallet,Supermarket,Hải Phòng,0,2,6,1,291402.17,4598223
TXN20260524,2025-11-26 02:54:04.341410,USER_302,4805913,E-Wallet,Food & Beverage,TP.HCM,0,2,2,0,-0.02,4805913
TXN20260525,2025-12-10 07:02:50.894120,USER_116,1778715,E-Wallet,Shopping,TP.HCM,0,7,2,0,-0.02,1778715
TXN20260536,2026-03-25 05:55:04.619410,USER_312,1929452,E-Wallet,Transport,Đà Nẵng,0,5,2,0,221580.18,1929452
TXN20260540,2025-12-10 18:07:22.718545,USER_338,1149065,E-Wallet,Supermarket,TP.HCM,0,18,2,0,-0.02,1149065
TXN20260546,2025-10-29 12:36:26.838300,USER_255,1644472,E-Wallet,Supermarket,TP.HCM,0,12,2,0,-0.02,1644472
TXN20260548,2025-12-17 16:24:23.920511,USER_183,4791528,E-Wallet,Shopping,Đà Nẵng,0,16,2,0,272113.41,4791528
TXN20260552,2025-05-17 14:10:51.109010,USER_276,4630295,E-Wallet,Transport,Đà Nẵng,0,14,5,1,26214.22,4630295
TXN20260555,2026-01-01 18:40:34.202012,USER_240,449530,E-Wallet,Supermarket,Cần Thơ,0,18,3,0,27569.8,449530
TXN20260558,2025-07-15 16:33:47.026191,USER_109,427946,E-Wallet,Supermarket,Hà Nội,0,16,1,0,-0.02,427946
TXN20260562,2025-09-11 15:33:57.155016,USER_125,4797277,E-Wallet,Utilities,Hải Phòng,0,15,3,0,238999.54,4797277
TXN20260576,2025-12-18 04:15:50.776476,USER_210,4339847,E-Wallet,Transport,Cần Thơ,0,4,3,0,-0.02,4339847
TXN20260580,2025-10-01 03:59:45.515281,USER_418,978151,E-Wallet,Utilities,Hải Phòng,0,3,2,0,-0.02,978151
TXN20260584,2025-10-13 11:32:54.502030,USER_247,789488,E-Wallet,Supermarket,Cần Thơ,0,11,0,0,-0.02,789488
TXN20260590,2025-07-31 06:36:50.282154,USER_308,2366166,E-Wallet,Utilities,Cần Thơ,0,6,3,0,131861.39,2366166
TXN20260594,2025-04-27 04:42:28.240850,USER_291,4077421,E-Wallet,Shopping,Cần Thơ,0,4,6,1,-0.02,4077421
TXN20260595,2025-06-03 18:55:33.255422,USER_182,3294884,E-Wallet,Food & Beverage,TP.HCM,0,18,1,0,-0.02,3294884
TXN20260596,2026-01-04 06:16:56.775248,USER_272,1826491,E-Wallet,Shopping,Cần Thơ,0,6,6,1,99330.38,1826491
TXN20260598,2025-06-22 02:19:23.854059,USER_292,2201158,E-Wallet,Food & Beverage,Đà Nẵng,1,2,6,1,34143.18,2201158
TXN20260600,2025-05-10 14:51:52.763917,USER_354,2194641,E-Wallet,Supermarket,Đà Nẵng,0,14,5,1,-0.02,2194641
TXN20260602,2025-10-31 13:03:35.347183,USER_165,561922,E-Wallet,Shopping,Hà Nội,0,13,4,0,267265.23,561922
TXN20260607,2025-11-27 11:42:13.720508,USER_154,846423,E-Wallet,Utilities,Cần Thơ,0,11,3,0,129383.58,846423
TXN20260608,2025-04-28 22:38:21.473453,USER_165,4467642,E-Wallet,Utilities,Đà Nẵng,0,22,0,0,-0.02,4467642
TXN20260617,2025-08-26 00:46:00.271792,USER_100,2805489,E-Wallet,Utilities,Hà Nội,0,0,1,0,38015.93,2805489
TXN20260619,2025-12-30 12:42:26.391121,USER_106,1343709,E-Wallet,Supermarket,Đà Nẵng,0,12,1,0,-0.02,1343709
TXN20260625,2025-07-15 05:05:13.634809,USER_468,1902480,E-Wallet,Shopping,TP.HCM,0,5,1,0,-0.02,1902480
TXN20260626,2026-03-10 17:39:47.495003,USER_339,4938417,E-Wallet,Utilities,Đà Nẵng,0,17,1,0,81685.61,4938417
TXN20260631,2025-07-10 00:52:46.364403,USER_406,2839761,E-Wallet,Supermarket,TP.HCM,0,0,3,0,610.31,2839761
TXN20260640,2025-04-29 09:17:21.025543,USER_353,918898,E-Wallet,Transport,TP.HCM,0,9,1,0,-0.02,918898
TXN20260644,2025-12-16 23:00:21.018837,USER_354,1402848,E-Wallet,Shopping,TP.HCM,0,23,1,0,317288.47,1402848
TXN20260647,2026-01-02 15:59:23.659955,USER_401,66512,E-Wallet,Supermarket,Cần Thơ,0,15,4,0,-0.02,66512
TXN20260651,2025-08-11 12:57:28.224768,USER_138,4723841,E-Wallet,Utilities,Hải Phòng,0,12,0,0,-0.02,4723841
TXN20260653,2025-07-05 15:48:28.116572,USER_377,1685275,E-Wallet,Shopping,Cần Thơ,0,15,5,1,-0.02,1685275
TXN20260667,2025-03-26 09:42:36.631080,USER_269,2949435,E-Wallet,Utilities,Cần Thơ,0,9,2,0,-0.02,2949435
TXN20260670,2025-08-04 21:26:41.399118,USER_352,3618395,E-Wallet,Utilities,Đà Nẵng,0,21,0,0,-0.02,3618395
TXN20260671,2025-08-08 19:08:22.168670,USER_290,3334086,E-Wallet,Supermarket,Cần Thơ,0,19,4,0,45922.35,3334086
TXN20260673,2026-02-02 23:11:51.725797,USER_188,1887804,E-Wallet,Shopping,TP.HCM,0,23,0,0,-0.02,1887804
TXN20260676,2025-03-29 00:00:56.947243,USER_273,622629,E-Wallet,Food & Beverage,Hải Phòng,0,0,5,1,-0.02,622629
TXN20260678,2025-07-16 08:20:12.903091,USER_341,3857418,E-Wallet,Shopping,TP.HCM,0,8,2,0,-0.02,3857418
TXN20260683,2025-05-24 09:21:38.610002,USER_142,1979811,E-Wallet,Supermarket,TP.HCM,0,9,5,1,1535.77,1979811
TXN20260688,2025-11-23 12:05:30.101160,USER_468,906416,E-Wallet,Transport,Hải Phòng,0,12,6,1,189060.27,906416
TXN20260690,2025-10-13 04:05:53.814151,USER_290,1064320,E-Wallet,Transport,Cần Thơ,0,4,0,0,94137.53,1064320
TXN20260694,2025-03-26 00:33:22.722921,USER_474,3353109,E-Wallet,Shopping,Đà Nẵng,0,0,2,0,-0.02,3353109
TXN20260695,2025-10-19 10:20:14.989688,USER_284,1941677,E-Wallet,Food & Beverage,Hải Phòng,0,10,6,1,-0.02,1941677
TXN20260696,2026-01-13 13:46:47.361006,USER_183,3941595,E-Wallet,Supermarket,Cần Thơ,0,13,1,0,38722.39,3941595
TXN20260708,2025-06-18 01:38:30.981657,USER_271,3202048,E-Wallet,Transport,Hải Phòng,0,1,2,0,-0.02,3202048
TXN20260713,2025-04-11 08:31:31.651732,USER_428,3878060,E-Wallet,Utilities,Hà Nội,0,8,4,0,-0.02,3878060
TXN20260716,2026-02-17 21:17:52.941813,USER_359,1202066,E-Wallet,Utilities,TP.HCM,0,21,1,0,279291.12,1202066
TXN20260717,2026-03-02 13:57:17.278539,USER_198,978529,E-Wallet,Utilities,TP.HCM,0,13,0,0,-0.02,978529
TXN20260728,2025-06-22 10:35:48.353432,USER_209,3725038,E-Wallet,Utilities,Đà Nẵng,0,10,6,1,90519.16,3725038
TXN20260732,2025-07-17 18:36:06.696233,USER_176,3679292,E-Wallet,Utilities,Hải Phòng,0,18,3,0,-0.02,3679292
TXN20260734,2025-11-17 02:51:56.937975,USER_369,140971,E-Wallet,Transport,Cần Thơ,0,2,0,0,149577.45,140971
TXN20260739,2025-12-23 23:02:34.682753,USER_282,3315787,E-Wallet,Supermarket,Hải Phòng,0,23,1,0,-0.02,3315787
TXN20260744,2025-04-29 09:16:38.015069,USER_276,3144769,E-Wallet,Utilities,Hà Nội,0,9,1,0,-0.02,3144769
TXN20260748,2025-05-15 18:43:48.074206,USER_192,131345,E-Wallet,Utilities,Hải Phòng,0,18,3,0,-0.02,131345
TXN20260751,2026-02-21 12:15:54.692383,USER_216,498499,E-Wallet,Utilities,Cần Thơ,0,12,5,1,116189.78,498499
TXN20260754,2026-03-03 08:26:38.917552,USER_221,2273870,E-Wallet,Utilities,Cần Thơ,0,8,1,0,79736.96,2273870
TXN20260755,2025-05-03 03:38:29.661019,USER_130,2052045,E-Wallet,Shopping,TP.HCM,1,3,5,1,-0.02,2052045
TXN20260756,2025-05-24 12:19:19.380913,USER_151,2030468,E-Wallet,Utilities,Cần Thơ,0,12,5,1,-0.02,2030468
TXN20260758,2025-08-10 05:03:09.717650,USER_426,271878,E-Wallet,Transport,Cần Thơ,0,5,6,1,-0.02,271878
TXN20260774,2025-05-12 22:27:22.113359,USER_216,3507085,E-Wallet,Transport,Hải Phòng,0,22,0,0,-0.02,3507085
TXN20260775,2025-05-28 14:54:19.193373,USER_369,257451,E-Wallet,Shopping,Hà Nội,0,14,2,0,-0.02,257451
TXN20260779,2025-08-27 00:09:09.662226,USER_169,646677,E-Wallet,Supermarket,TP.HCM,0,0,2,0,-0.02,646677
TXN20260781,2025-10-08 09:42:20.910989,USER_243,622203,E-Wallet,Supermarket,TP.HCM,0,9,2,0,100986.63,622203
TXN20260784,2025-11-22 14:51:44.409828,USER_465,1407093,E-Wallet,Shopping,Đà Nẵng,0,14,5,1,-0.02,1407093
TXN20260788,2025-07-13 08:54:39.479539,USER_485,2446637,E-Wallet,Transport,Đà Nẵng,0,8,6,1,-0.02,2446637
TXN20260793,2025-10-10 05:08:56.736105,USER_296,2022478,E-Wallet,Food & Beverage,Hà Nội,0,5,4,0,-0.02,2022478
TXN20260799,2025-07-06 10:02:54.649231,USER_226,2960092,E-Wallet,Supermarket,Cần Thơ,0,10,6,1,100890.52,2960092
TXN20260806,2025-10-16 08:55:29.936625,USER_240,2347116,E-Wallet,Utilities,Đà Nẵng,0,8,3,0,-0.02,2347116
TXN20260820,2026-03-23 17:25:05.546662,USER_304,4892875,E-Wallet,Utilities,Đà Nẵng,0,17,0,0,176024.02,4892875
TXN20260821,2026-02-26 03:51:25.851458,USER_306,3693393,E-Wallet,Supermarket,TP.HCM,0,3,3,0,-0.02,3693393
TXN20260822,2026-01-14 01:22:25.727717,USER_361,2118028,E-Wallet,Shopping,Hà Nội,0,1,2,0,386564.22,2118028
TXN20260823,2025-05-18 18:01:15.280081,USER_405,3410427,E-Wallet,Food & Beverage,Cần Thơ,0,18,6,1,-0.02,3410427
TXN20260831,2026-01-16 16:26:09.235404,USER_119,3181777,E-Wallet,Supermarket,Hải Phòng,0,16,4,0,319496.16,3181777
TXN20260833,2025-10-28 13:54:38.348378,USER_267,1169880,E-Wallet,Food & Beverage,TP.HCM,0,13,1,0,-0.02,1169880
TXN20260834,2025-07-28 16:55:25.430648,USER_274,3074910,E-Wallet,Utilities,TP.HCM,0,16,0,0,-0.02,3074910
TXN20260847,2025-07-25 07:07:19.545708,USER_402,4437372,E-Wallet,Shopping,Hà Nội,0,7,4,0,-0.02,4437372
TXN20260855,2025-12-29 15:28:07.079458,USER_338,2663900,E-Wallet,Shopping,TP.HCM,0,15,0,0,27200.74,2663900
TXN20260862,2025-04-30 11:38:22.777046,USER_217,3397301,E-Wallet,Utilities,Hải Phòng,0,11,2,0,4449.45,3397301
TXN20260863,2025-05-30 20:48:51.901184,USER_470,3754206,E-Wallet,Supermarket,Cần Thơ,0,20,4,0,-0.02,3754206
TXN20260871,2026-03-03 06:40:06.594280,USER_344,4939120,E-Wallet,Transport,TP.HCM,0,6,1,0,213344.97,4939120
TXN20260873,2025-07-05 06:10:28.625076,USER_436,910274,E-Wallet,Supermarket,Đà Nẵng,0,6,5,1,-0.02,910274
TXN20260878,2025-07-05 22:51:40.721380,USER_448,882829,E-Wallet,Food & Beverage,Hà Nội,0,22,5,1,-0.02,882829
TXN20260879,2025-04-11 06:39:05.495683,USER_232,3029156,E-Wallet,Food & Beverage,Hải Phòng,0,6,4,0,-0.02,3029156
TXN20260883,2026-03-14 13:00:34.352057,USER_258,3773212,E-Wallet,Supermarket,Đà Nẵng,0,13,5,1,-0.02,3773212
TXN20260884,2025-11-10 11:05:15.971629,USER_115,1579922,E-Wallet,Shopping,Hà Nội,0,11,0,0,246604.42,1579922
TXN20260886,2025-11-20 21:42:23.391858,USER_178,4965897,E-Wallet,Transport,TP.HCM,0,21,3,0,-0.02,4965897
TXN20260889,2025-10-01 09:03:49.027719,USER_289,334840,E-Wallet,Food & Beverage,Hà Nội,0,9,2,0,-0.02,334840
TXN20260893,2025-06-25 21:11:49.291859,USER_452,607894,E-Wallet,Food & Beverage,Hải Phòng,0,21,2,0,-0.02,607894
TXN20260902,2025-10-13 04:35:20.986463,USER_410,3679234,E-Wallet,Food & Beverage,Cần Thơ,1,4,0,0,-0.02,3679234
TXN20260904,2025-08-18 13:03:48.242242,USER_206,2699939,E-Wallet,Supermarket,Cần Thơ,0,13,0,0,-0.02,2699939
TXN20260916,2025-05-07 23:47:52.087327,USER_219,811472,E-Wallet,Supermarket,Đà Nẵng,0,23,2,0,-0.02,811472
TXN20260917,2025-09-02 03:29:57.886935,USER_150,2704157,E-Wallet,Shopping,Hà Nội,0,3,1,0,-0.02,2704157
TXN20260918,2026-03-07 08:35:15.313861,USER_431,790830,E-Wallet,Supermarket,Đà Nẵng,0,8,5,1,484519.45,790830
TXN20260928,2025-05-17 17:45:54.200485,USER_309,3140473,E-Wallet,Shopping,Cần Thơ,0,17,5,1,-0.02,3140473
TXN20260929,2026-02-07 07:03:25.936417,USER_326,2545741,E-Wallet,Transport,Hải Phòng,0,7,5,1,276611.69,2545741
TXN20260931,2025-04-15 07:38:29.072952,USER_286,288209,E-Wallet,Shopping,Cần Thơ,0,7,1,0,-0.02,288209
TXN20260934,2026-03-06 03:07:26.824541,USER_107,2140215,E-Wallet,Supermarket,Cần Thơ,0,3,4,0,232863.71,2140215
TXN20260938,2026-01-31 08:30:33.416534,USER_442,2795204,E-Wallet,Shopping,Hà Nội,0,8,5,1,-0.02,2795204
TXN20260939,2026-02-19 21:16:17.658407,USER_261,3186020,E-Wallet,Shopping,Đà Nẵng,0,21,3,0,-0.02,3186020
TXN20260941,2026-02-20 14:18:07.946165,USER_326,1877637,E-Wallet,Shopping,TP.HCM,0,14,4,0,19154.7,1877637
TXN20260944,2025-11-21 11:20:38.945989,USER_219,4773511,E-Wallet,Shopping,TP.HCM,0,11,4,0,284372.78,4773511
TXN20260946,2026-02-16 14:43:22.737128,USER_114,2549490,E-Wallet,Food & Beverage,Cần Thơ,0,14,0,0,-0.02,2549490
TXN20260947,2025-07-17 19:39:17.948323,USER_372,4949381,E-Wallet,Supermarket,Cần Thơ,0,19,3,0,-0.02,4949381
TXN20260958,2025-05-31 09:07:50.513858,USER_388,4621002,E-Wallet,Shopping,Cần Thơ,0,9,5,1,-0.02,4621002
TXN20260959,2025-06-11 17:10:59.606013,USER_183,1639121,E-Wallet,Supermarket,Hải Phòng,0,17,2,0,-0.02,1639121
TXN20260962,2025-10-31 17:18:39.290734,USER_339,347897,E-Wallet,Transport,Đà Nẵng,0,17,4,0,-0.02,347897
TXN20260964,2025-09-19 09:37:13.453602,USER_225,2317211,E-Wallet,Supermarket,Hải Phòng,0,9,4,0,88415.09,2317211
TXN20260975,2025-11-17 06:14:30.440671,USER_130,1164427,E-Wallet,Transport,Hà Nội,0,6,0,0,285276.01,1164427
TXN20260976,2025-03-25 11:05:08.720912,USER_481,3750261,E-Wallet,Utilities,Đà Nẵng,0,11,1,0,-0.02,3750261
TXN20260977,2026-03-21 03:16:35.387993,USER_135,3705332,E-Wallet,Utilities,Cần Thơ,0,3,5,1,283408.26,3705332
TXN20260979,2025-04-01 08:21:41.724307,USER_280,4886472,E-Wallet,Food & Beverage,Hải Phòng,0,8,1,0,-0.02,4886472
TXN20260983,2025-09-07 22:54:34.508444,USER_337,754776,E-Wallet,Transport,TP.HCM,0,22,6,1,83539.8,754776
TXN20260988,2025-04-27 13:07:01.317610,USER_293,2609353,E-Wallet,Shopping,Đà Nẵng,0,13,6,1,-0.02,2609353
TXN20260998,2025-10-31 21:59:46.821198,USER_372,3126562,E-Wallet,Food & Beverage,TP.HCM,0,21,4,0,152780.48,3126562
TXN20261001,2026-01-05 19:52:34.591965,USER_447,181491,E-Wallet,Supermarket,Hải Phòng,0,19,0,0,110206.06,181491
TXN20261008,2025-10-02 14:39:04.051307,USER_117,3577652,E-Wallet,Utilities,TP.HCM,0,14,3,0,83712.67,3577652
TXN20261013,2025-10-04 00:14:21.446558,USER_182,4033927,E-Wallet,Shopping,TP.HCM,0,0,5,1,175998.8,4033927
TXN20261015,2025-09-18 18:20:11.889476,USER_153,4415311,E-Wallet,Utilities,Cần Thơ,0,18,3,0,31215.8,4415311
TXN20261021,2025-10-28 14:47:15.541580,USER_474,1770320,E-Wallet,Shopping,TP.HCM,0,14,1,0,311893.88,1770320
TXN20261023,2025-12-09 00:35:21.581443,USER_347,3147151,E-Wallet,Supermarket,Đà Nẵng,0,0,1,0,-0.02,3147151
TXN20261027,2026-03-01 22:08:01.698546,USER_319,4601003,E-Wallet,Food & Beverage,Đà Nẵng,0,22,6,1,-0.02,4601003
TXN20261033,2025-07-14 15:38:30.888432,USER_160,1728515,E-Wallet,Supermarket,Đà Nẵng,0,15,0,0,-0.02,1728515
TXN20261034,2025-09-19 06:29:36.821380,USER_103,1254322,E-Wallet,Utilities,Hải Phòng,0,6,4,0,-0.02,1254322
TXN20261035,2025-11-15 00:38:44.784364,USER_459,2426387,E-Wallet,Shopping,Hải Phòng,0,0,5,1,205993.83,2426387
TXN20261039,2025-06-27 08:55:22.052307,USER_358,4124108,E-Wallet,Food & Beverage,TP.HCM,0,8,4,0,-0.02,4124108
TXN20261041,2025-09-14 05:55:23.597268,USER_100,4205563,E-Wallet,Supermarket,TP.HCM,0,5,6,1,27669.39,4205563
TXN20261043,2026-02-22 22:29:05.807887,USER_231,3195511,E-Wallet,Utilities,Đà Nẵng,0,22,6,1,-0.02,3195511
TXN20261062,2026-01-27 04:39:08.764983,USER_154,4531372,E-Wallet,Transport,TP.HCM,1,4,1,0,87416.92,4531372
TXN20261070,2026-02-18 09:52:22.013701,USER_265,3100407,E-Wallet,Supermarket,Hà Nội,0,9,2,0,259303.18,3100407
TXN20261073,2025-06-07 00:17:02.912293,USER_167,1966497,E-Wallet,Utilities,TP.HCM,0,0,5,1,-0.02,1966497
TXN20261075,2025-09-01 14:36:58.532027,USER_499,4603855,E-Wallet,Supermarket,Hải Phòng,0,14,0,0,31220.05,4603855
TXN20261081,2025-11-07 18:18:13.619112,USER_211,2122669,E-Wallet,Supermarket,Đà Nẵng,0,18,4,0,-0.02,2122669
TXN20261088,2026-02-10 14:57:41.545200,USER_144,1450530,E-Wallet,Shopping,TP.HCM,0,14,1,0,-0.02,1450530
TXN20261092,2026-02-24 17:24:33.917360,USER_176,4861503,E-Wallet,Shopping,Hà Nội,0,17,1,0,319608.45,4861503
TXN20261094,2025-05-30 14:09:39.788292,USER_301,4771307,E-Wallet,Utilities,Đà Nẵng,0,14,4,0,-0.02,4771307
TXN20261098,2025-04-20 00:11:24.922923,USER_335,3215139,E-Wallet,Supermarket,Cần Thơ,0,0,6,1,-0.02,3215139
TXN20261102,2026-01-25 08:51:57.121672,USER_140,4230565,E-Wallet,Food & Beverage,Đà Nẵng,0,8,6,1,-0.02,4230565
TXN20261108,2025-07-11 22:34:46.722845,USER_337,3505344,E-Wallet,Shopping,TP.HCM,0,22,4,0,76962.9,3505344
TXN20261117,2025-05-31 14:15:42.469391,USER_437,1146880,E-Wallet,Transport,Hà Nội,0,14,5,1,42538.55,1146880
TXN20261124,2025-05-31 07:47:25.199954,USER_441,2700656,E-Wallet,Supermarket,TP.HCM,0,7,5,1,-0.02,2700656
TXN20261129,2025-09-27 14:27:52.479973,USER_262,3328174,E-Wallet,Food & Beverage,Hải Phòng,0,14,5,1,-0.02,3328174
TXN20261140,2025-12-24 05:37:49.668791,USER_489,242126,E-Wallet,Food & Beverage,TP.HCM,0,5,2,0,-0.02,242126
TXN20261142,2025-10-15 21:35:06.642392,USER_312,1565162,E-Wallet,Utilities,Đà Nẵng,0,21,2,0,-0.02,1565162
TXN20261150,2025-04-25 09:21:47.506215,USER_133,3300973,E-Wallet,Shopping,TP.HCM,0,9,4,0,-0.02,3300973
TXN20261151,2025-12-11 07:39:03.260008,USER_402,3517762,E-Wallet,Shopping,Hà Nội,0,7,3,0,65741.63,3517762
TXN20261155,2025-12-13 20:54:35.836327,USER_293,1775636,E-Wallet,Shopping,Hà Nội,0,20,5,1,145616.66,1775636
TXN20261162,2025-03-28 10:25:42.947784,USER_324,4505829,E-Wallet,Utilities,TP.HCM,0,10,4,0,-0.02,4505829
TXN20261164,2025-05-04 22:09:49.251719,USER_333,3136336,E-Wallet,Food & Beverage,Đà Nẵng,0,22,6,1,6453.99,3136336
TXN20261166,2025-10-14 16:32:56.679153,USER_283,1317754,E-Wallet,Transport,TP.HCM,0,16,1,0,-0.02,1317754
TXN20261168,2026-01-10 09:19:25.428349,USER_206,4237197,E-Wallet,Utilities,Hải Phòng,0,9,5,1,208575.62,4237197
TXN20261181,2026-03-25 09:37:33.337211,USER_138,4229844,E-Wallet,Food & Beverage,TP.HCM,0,9,2,0,325240.09,4229844
TXN20261182,2025-09-25 10:03:44.187100,USER_107,4803871,E-Wallet,Supermarket,Cần Thơ,0,10,3,0,139050.55,4803871
TXN20261185,2025-12-13 15:10:46.217777,USER_240,3186950,E-Wallet,Supermarket,Đà Nẵng,0,15,5,1,83895.27,3186950
TXN20261186,2026-01-30 15:42:54.095117,USER_267,1559376,E-Wallet,Food & Beverage,Hải Phòng,0,15,4,0,135468.26,1559376
TXN20261194,2026-01-10 04:34:20.154990,USER_173,3810727,E-Wallet,Shopping,Đà Nẵng,1,4,5,1,330129.43,3810727
TXN20261201,2025-09-15 00:51:53.182452,USER_190,864123,E-Wallet,Shopping,Cần Thơ,0,0,0,0,25055.78,864123
TXN20261208,2025-07-19 08:44:31.830177,USER_132,2646740,E-Wallet,Utilities,Đà Nẵng,0,8,5,1,-0.02,2646740
TXN20261209,2026-02-18 07:23:42.533778,USER_273,4591731,E-Wallet,Supermarket,Hải Phòng,0,7,2,0,253276.69,4591731
TXN20261212,2026-03-05 02:16:45.090379,USER_446,2834587,E-Wallet,Supermarket,Hải Phòng,0,2,3,0,-0.02,2834587
TXN20261215,2026-03-19 18:07:00.288006,USER_129,4556189,E-Wallet,Transport,TP.HCM,0,18,3,0,104876.42,4556189
TXN20261220,2026-01-02 06:11:13.762913,USER_162,2119867,E-Wallet,Utilities,Hải Phòng,0,6,4,0,138215.82,2119867
TXN20261223,2025-09-23 12:22:23.550575,USER_420,4092953,E-Wallet,Transport,Cần Thơ,0,12,1,0,-0.02,4092953
TXN20261226,2025-07-14 09:00:42.136008,USER_230,4338353,E-Wallet,Utilities,Cần Thơ,0,9,0,0,-0.02,4338353
TXN20261227,2026-01-10 10:44:01.440916,USER_418,1749775,E-Wallet,Food & Beverage,Cần Thơ,0,10,5,1,80434.42,1749775
TXN20261228,2025-07-12 10:29:12.371541,USER_363,1622310,E-Wallet,Transport,Cần Thơ,0,10,5,1,-0.02,1622310
TXN20261235,2025-03-31 18:40:48.799258,USER_295,1606108,E-Wallet,Food & Beverage,Cần Thơ,0,18,0,0,-0.02,1606108
TXN20261238,2026-03-05 21:13:42.065290,USER_274,803487,E-Wallet,Supermarket,Đà Nẵng,0,21,3,0,317058.28,803487
TXN20261244,2025-05-05 03:39:40.664819,USER_433,1330319,E-Wallet,Supermarket,Đà Nẵng,0,3,0,0,-0.02,1330319
TXN20261250,2026-03-07 08:58:03.844754,USER_130,3272690,E-Wallet,Shopping,Cần Thơ,0,8,5,1,50764.36,3272690
TXN20261253,2026-02-13 18:15:03.917135,USER_242,426942,E-Wallet,Transport,Hải Phòng,0,18,4,0,-0.02,426942
TXN20261254,2026-03-01 18:04:22.170464,USER_110,720582,E-Wallet,Utilities,Hà Nội,0,18,6,1,-0.02,720582
TXN20261260,2026-01-11 16:29:12.337431,USER_391,3127157,E-Wallet,Supermarket,Hà Nội,0,16,6,1,-0.02,3127157
TXN20261263,2025-05-02 01:17:09.198742,USER_437,2097047,E-Wallet,Shopping,TP.HCM,0,1,4,0,-0.02,2097047
TXN20261264,2025-07-15 12:03:52.030058,USER_485,2267976,E-Wallet,Shopping,TP.HCM,0,12,1,0,3069.21,2267976
TXN20261266,2025-12-16 22:21:17.877079,USER_253,1780946,E-Wallet,Transport,Hà Nội,0,22,1,0,226756.95,1780946
TXN20261269,2026-03-25 08:00:59.188932,USER_167,911351,E-Wallet,Supermarket,Cần Thơ,0,8,2,0,419503.94,911351
TXN20261272,2026-01-13 22:00:23.543873,USER_448,1856899,E-Wallet,Transport,Đà Nẵng,0,22,1,0,276428.71,1856899
TXN20261276,2025-12-09 16:05:42.895006,USER_422,1550417,E-Wallet,Food & Beverage,Hà Nội,0,16,1,0,-0.02,1550417
TXN20261278,2026-02-11 17:03:20.158739,USER_321,565486,E-Wallet,Food & Beverage,Cần Thơ,0,17,2,0,-0.02,565486
TXN20261280,2025-09-14 23:52:57.339365,USER_317,4065296,E-Wallet,Food & Beverage,Hải Phòng,0,23,6,1,-0.02,4065296
TXN20261284,2026-02-04 19:18:00.592658,USER_445,2974822,E-Wallet,Transport,Đà Nẵng,0,19,2,0,-0.02,2974822
TXN20261296,2025-04-28 08:47:58.750699,USER_370,4567706,E-Wallet,Food & Beverage,Hà Nội,0,8,0,0,-0.02,4567706
TXN20261298,2025-12-15 06:02:42.333343,USER_220,3567175,E-Wallet,Food & Beverage,Cần Thơ,0,6,0,0,-0.02,3567175
TXN20261299,2025-11-24 23:10:14.225294,USER_369,1666019,E-Wallet,Supermarket,Hà Nội,0,23,0,0,11298.29,1666019
TXN20261300,2025-07-30 04:51:44.425030,USER_326,513540,E-Wallet,Shopping,Đà Nẵng,0,4,2,0,65599.88,513540
TXN20261301,2025-07-28 21:09:43.775947,USER_204,3252154,E-Wallet,Transport,Đà Nẵng,0,21,0,0,-0.02,3252154
TXN20261302,2025-10-24 13:56:58.055665,USER_184,1716016,E-Wallet,Food & Beverage,TP.HCM,0,13,4,0,-0.02,1716016
TXN20261306,2025-08-28 11:06:47.318321,USER_381,3446139,E-Wallet,Utilities,Hà Nội,0,11,3,0,-0.02,3446139
TXN20261308,2025-08-27 18:31:48.312528,USER_352,2349402,E-Wallet,Transport,TP.HCM,0,18,2,0,32945.12,2349402
TXN20261309,2025-06-04 19:54:26.118445,USER_238,3691844,E-Wallet,Food & Beverage,Đà Nẵng,0,19,2,0,-0.02,3691844
TXN20261311,2025-11-27 02:27:04.964278,USER_450,2543209,E-Wallet,Supermarket,Cần Thơ,0,2,3,0,81303.95,2543209
TXN20261313,2025-07-24 16:11:49.865861,USER_408,231894,E-Wallet,Utilities,TP.HCM,0,16,3,0,-0.02,231894
TXN20261315,2025-08-24 13:58:42.085397,USER_346,3671439,E-Wallet,Supermarket,Hải Phòng,0,13,6,1,28745.89,3671439
TXN20261334,2025-08-20 17:10:25.145041,USER_444,4476908,E-Wallet,Transport,Đà Nẵng,0,17,2,0,-0.02,4476908
TXN20261335,2025-08-26 18:09:58.336244,USER_159,2313000,E-Wallet,Utilities,Hà Nội,0,18,1,0,-0.02,2313000
TXN20261337,2026-03-12 12:01:05.380434,USER_342,2198710,E-Wallet,Transport,Hải Phòng,0,12,3,0,-0.02,2198710
TXN20261345,2025-04-30 10:35:49.611418,USER_333,75890,E-Wallet,Utilities,Cần Thơ,0,10,2,0,-0.02,75890
TXN20261350,2025-04-20 14:38:12.516225,USER_361,2984915,E-Wallet,Supermarket,Cần Thơ,0,14,6,1,-0.02,2984915
TXN20261353,2025-09-25 03:01:54.635823,USER_374,3921520,E-Wallet,Supermarket,Hà Nội,1,3,3,0,-0.02,3921520
TXN20261358,2025-09-19 05:59:07.009551,USER_316,1264162,E-Wallet,Supermarket,Hải Phòng,0,5,4,0,-0.02,1264162
TXN20261359,2025-10-27 06:46:34.262313,USER_272,3948006,E-Wallet,Utilities,Cần Thơ,0,6,0,0,-0.02,3948006
TXN20261361,2025-08-18 16:13:15.851735,USER_235,26609,E-Wallet,Shopping,Cần Thơ,0,16,0,0,-0.02,26609
TXN20261362,2026-02-10 12:53:59.791366,USER_324,1587788,E-Wallet,Shopping,Cần Thơ,0,12,1,0,459508.28,1587788
TXN20261363,2026-03-03 08:05:59.971096,USER_273,4275986,E-Wallet,Supermarket,Cần Thơ,0,8,1,0,18762.29,4275986
TXN20261364,2025-08-28 10:14:48.680647,USER_164,2394682,E-Wallet,Transport,Hà Nội,0,10,3,0,-0.02,2394682
TXN20261373,2026-02-10 18:21:10.452699,USER_452,2515094,E-Wallet,Shopping,Hải Phòng,0,18,1,0,269363.0,2515094
TXN20261378,2025-06-27 08:34:21.152873,USER_118,626925,E-Wallet,Utilities,TP.HCM,0,8,4,0,-0.02,626925
TXN20261383,2025-06-13 06:12:20.587904,USER_414,2526199,E-Wallet,Shopping,TP.HCM,0,6,4,0,-0.02,2526199
TXN20261389,2025-08-29 15:18:38.626355,USER_154,1799760,E-Wallet,Transport,Hà Nội,0,15,4,0,-0.02,1799760
TXN20261390,2025-03-31 03:53:33.641099,USER_264,1165053,E-Wallet,Shopping,Cần Thơ,0,3,0,0,-0.02,1165053
TXN20261395,2026-02-09 11:19:21.184262,USER_367,4774569,E-Wallet,Supermarket,Đà Nẵng,0,11,0,0,256194.97,4774569
TXN20261396,2025-07-10 18:55:51.875148,USER_156,2023151,E-Wallet,Shopping,Cần Thơ,0,18,3,0,-0.02,2023151
TXN20261398,2025-08-15 20:16:41.137457,USER_348,3921887,E-Wallet,Shopping,TP.HCM,0,20,4,0,-0.02,3921887
TXN20261399,2025-07-31 13:32:09.428513,USER_287,4532294,E-Wallet,Shopping,Đà Nẵng,0,13,3,0,-0.02,4532294
TXN20261400,2026-01-13 00:14:11.122972,USER_339,3868609,E-Wallet,Supermarket,Hải Phòng,0,0,1,0,105535.53,3868609
TXN20261402,2025-04-21 06:23:49.586436,USER_407,2119590,E-Wallet,Utilities,TP.HCM,0,6,0,0,-0.02,2119590
TXN20261404,2025-05-20 09:30:42.272625,USER_428,1822146,E-Wallet,Utilities,TP.HCM,0,9,1,0,34649.04,1822146
TXN20261407,2026-03-25 09:41:06.491219,USER_400,1435114,E-Wallet,Transport,TP.HCM,0,9,2,0,30554.61,1435114
TXN20261408,2026-01-22 06:55:27.605407,USER_142,4360815,E-Wallet,Supermarket,Hải Phòng,0,6,3,0,51323.29,4360815
TXN20261409,2025-04-14 23:11:00.348265,USER_376,4377016,E-Wallet,Transport,TP.HCM,0,23,0,0,-0.02,4377016
TXN20261410,2025-05-23 05:00:50.774164,USER_115,2088851,E-Wallet,Supermarket,TP.HCM,0,5,4,0,-0.02,2088851
TXN20261413,2025-11-04 02:19:51.481131,USER_366,3245450,E-Wallet,Shopping,Đà Nẵng,1,2,1,0,-0.02,3245450
TXN20261414,2026-01-30 00:25:19.666760,USER_295,2042125,E-Wallet,Utilities,Cần Thơ,0,0,4,0,438104.51,2042125
TXN20261415,2026-01-08 09:21:18.818467,USER_161,4067838,E-Wallet,Food & Beverage,TP.HCM,0,9,3,0,204413.28,4067838
TXN20261416,2025-04-06 18:41:49.423485,USER_294,4311458,E-Wallet,Utilities,Cần Thơ,0,18,6,1,-0.02,4311458
TXN20261419,2025-08-05 00:32:47.643247,USER_264,3173932,E-Wallet,Food & Beverage,Cần Thơ,0,0,1,0,182679.23,3173932
TXN20261420,2025-10-10 21:47:27.025123,USER_475,1982573,E-Wallet,Supermarket,Hải Phòng,0,21,4,0,-0.02,1982573
TXN20261425,2025-10-11 16:01:00.342148,USER_266,3052830,E-Wallet,Shopping,Hải Phòng,0,16,5,1,146487.74,3052830
TXN20261427,2026-01-01 10:04:13.850710,USER_318,3862887,E-Wallet,Utilities,Hải Phòng,0,10,3,0,326611.24,3862887
TXN20261437,2025-09-06 15:21:24.084837,USER_150,3018986,E-Wallet,Transport,Hà Nội,0,15,5,1,6471.44,3018986
TXN20261443,2025-08-09 09:44:24.934892,USER_500,1901700,E-Wallet,Transport,TP.HCM,0,9,5,1,-0.02,1901700
TXN20261450,2025-07-17 18:52:29.649073,USER_481,3331881,E-Wallet,Shopping,Cần Thơ,0,18,3,0,10515.18,3331881
TXN20261458,2025-11-21 02:15:00.125291,USER_241,1042911,E-Wallet,Food & Beverage,Hải Phòng,0,2,4,0,135787.75,1042911
TXN20261460,2026-01-06 23:29:41.378833,USER_221,3830322,E-Wallet,Transport,Hà Nội,0,23,1,0,-0.02,3830322
TXN20261461,2026-03-15 17:02:09.562924,USER_186,2770314,E-Wallet,Shopping,Đà Nẵng,0,17,6,1,123379.99,2770314
TXN20261468,2025-06-17 01:49:11.729046,USER_157,1335701,E-Wallet,Transport,TP.HCM,0,1,1,0,-0.02,1335701
TXN20261469,2025-06-28 20:55:54.755299,USER_152,2344560,E-Wallet,Transport,Đà Nẵng,0,20,5,1,-0.02,2344560
TXN20261482,2025-12-23 05:52:03.016234,USER_289,4739259,E-Wallet,Utilities,Hải Phòng,0,5,1,0,119328.23,4739259
TXN20261487,2025-08-26 10:07:01.316633,USER_273,4592136,E-Wallet,Shopping,Hà Nội,0,10,1,0,106264.72,4592136
TXN20261488,2025-05-22 12:44:26.959172,USER_120,4715485,E-Wallet,Supermarket,Hà Nội,0,12,3,0,-0.02,4715485
TXN20261493,2025-09-05 07:48:19.687971,USER_135,2938594,E-Wallet,Supermarket,Hải Phòng,0,7,4,0,-0.02,2938594
TXN20261507,2025-05-10 06:53:05.274447,USER_113,2310339,E-Wallet,Supermarket,Cần Thơ,0,6,5,1,-0.02,2310339
TXN20261510,2026-01-02 14:13:45.700303,USER_453,493593,E-Wallet,Supermarket,TP.HCM,0,14,4,0,-0.02,493593
TXN20261512,2025-12-27 05:56:48.190496,USER_340,864730,E-Wallet,Food & Beverage,TP.HCM,0,5,5,1,-0.02,864730
TXN20261516,2026-01-05 02:39:48.252539,USER_268,3196327,E-Wallet,Transport,Hà Nội,1,2,0,0,17772.61,3196327
TXN20261517,2025-08-29 06:34:20.266159,USER_451,256476,E-Wallet,Shopping,Hà Nội,0,6,4,0,-0.02,256476
TXN20261518,2025-07-28 09:38:31.417296,USER_171,1634760,E-Wallet,Food & Beverage,TP.HCM,0,9,0,0,53445.92,1634760
TXN20261519,2025-12-01 06:42:51.704360,USER_476,4506631,E-Wallet,Food & Beverage,TP.HCM,0,6,0,0,-0.02,4506631
TXN20261520,2025-12-30 16:21:39.281829,USER_340,2399522,E-Wallet,Transport,Cần Thơ,0,16,1,0,4944.85,2399522
TXN20261523,2025-07-19 10:15:46.068360,USER_113,1247205,E-Wallet,Supermarket,TP.HCM,0,10,5,1,101002.68,1247205
TXN20261529,2025-08-07 22:26:46.021229,USER_359,4061491,E-Wallet,Transport,Hà Nội,0,22,3,0,-0.02,4061491
TXN20261531,2025-10-02 12:58:48.014856,USER_415,2968232,E-Wallet,Shopping,Hà Nội,0,12,3,0,94644.61,2968232
TXN20261542,2025-07-09 14:42:27.724915,USER_406,242676,E-Wallet,Transport,Đà Nẵng,0,14,2,0,-0.02,242676
TXN20261546,2025-09-14 16:36:53.542714,USER_250,1157477,E-Wallet,Utilities,Cần Thơ,0,16,6,1,111958.71,1157477
TXN20261550,2026-02-01 23:17:34.068969,USER_163,1464563,E-Wallet,Utilities,Hải Phòng,0,23,6,1,-0.02,1464563
TXN20261553,2025-06-14 15:31:51.379662,USER_326,2454638,E-Wallet,Food & Beverage,TP.HCM,0,15,5,1,-0.02,2454638
TXN20261558,2025-05-20 19:51:23.326919,USER_322,2589026,E-Wallet,Transport,Đà Nẵng,0,19,1,0,-0.02,2589026
TXN20261567,2026-03-04 06:06:40.419119,USER_153,2626602,E-Wallet,Food & Beverage,Hà Nội,0,6,2,0,239746.48,2626602
TXN20261572,2025-10-04 13:56:39.083636,USER_303,3229481,E-Wallet,Transport,Hải Phòng,0,13,5,1,-0.02,3229481
TXN20261573,2025-08-06 10:20:47.099916,USER_377,2445734,E-Wallet,Transport,Đà Nẵng,0,10,2,0,45752.32,2445734
TXN20261574,2026-03-06 11:16:44.032620,USER_197,535598,E-Wallet,Food & Beverage,Đà Nẵng,0,11,4,0,-0.02,535598
TXN20261579,2025-09-12 00:17:22.754122,USER_327,3034386,E-Wallet,Supermarket,Hải Phòng,0,0,4,0,-0.02,3034386
TXN20261582,2025-06-17 03:20:40.440443,USER_237,1213345,E-Wallet,Transport,Hà Nội,0,3,1,0,-0.02,1213345
TXN20261590,2025-05-31 06:17:21.713130,USER_470,2969144,E-Wallet,Shopping,Hải Phòng,0,6,5,1,568.5,2969144
TXN20261591,2026-02-28 07:35:45.118847,USER_345,1917317,E-Wallet,Shopping,Hải Phòng,0,7,5,1,218524.24,1917317
TXN20261593,2025-07-27 14:48:43.659417,USER_322,2228445,E-Wallet,Supermarket,TP.HCM,0,14,6,1,97617.34,2228445
TXN20261598,2025-08-18 19:07:14.843698,USER_241,3148884,E-Wallet,Food & Beverage,Cần Thơ,0,19,0,0,53944.54,3148884
TXN20261601,2026-01-18 00:23:40.818383,USER_395,98290,E-Wallet,Shopping,Hà Nội,0,0,6,1,-0.02,98290
TXN20261607,2025-07-01 22:33:15.878483,USER_266,4309168,E-Wallet,Utilities,Hà Nội,0,22,1,0,-0.02,4309168
TXN20261608,2025-05-04 02:35:33.152741,USER_456,608319,E-Wallet,Shopping,TP.HCM,0,2,6,1,-0.02,608319
TXN20261611,2026-03-05 09:13:02.428615,USER_153,2138562,E-Wallet,Shopping,TP.HCM,0,9,3,0,1626.37,2138562
TXN20261619,2025-07-07 21:46:00.984478,USER_290,2326465,E-Wallet,Food & Beverage,Hải Phòng,0,21,0,0,-0.02,2326465
TXN20261631,2025-10-07 11:27:23.347112,USER_136,2925005,E-Wallet,Supermarket,TP.HCM,0,11,1,0,-0.02,2925005
TXN20261633,2025-10-16 01:19:18.726501,USER_309,4593491,E-Wallet,Utilities,Cần Thơ,0,1,3,0,140868.24,4593491
TXN20261639,2025-06-08 19:29:59.791490,USER_119,3407885,E-Wallet,Supermarket,Cần Thơ,0,19,6,1,-0.02,3407885
TXN20261644,2025-07-30 19:16:14.997337,USER_452,2327121,E-Wallet,Utilities,Đà Nẵng,0,19,2,0,50284.43,2327121
TXN20261659,2026-02-07 17:42:50.666459,USER_394,588059,E-Wallet,Utilities,Đà Nẵng,0,17,5,1,-0.02,588059
TXN20261661,2025-12-25 02:00:18.552820,USER_133,326567,E-Wallet,Transport,Hà Nội,0,2,3,0,165350.87,326567
TXN20261663,2025-04-24 08:49:40.837183,USER_482,3002524,E-Wallet,Supermarket,Đà Nẵng,0,8,3,0,-0.02,3002524
TXN20261666,2025-05-02 12:58:19.915430,USER_370,2985463,E-Wallet,Supermarket,Đà Nẵng,0,12,4,0,6010.35,2985463
TXN20261677,2026-01-11 10:30:41.058397,USER_297,2024537,E-Wallet,Food & Beverage,Hà Nội,0,10,6,1,-0.02,2024537
TXN20261694,2025-08-23 03:44:29.301279,USER_101,3683774,E-Wallet,Transport,Đà Nẵng,1,3,5,1,-0.02,3683774
TXN20261698,2026-03-02 20:52:04.102861,USER_432,2061822,E-Wallet,Food & Beverage,Hà Nội,0,20,0,0,-0.02,2061822
TXN20261702,2025-12-20 00:42:10.090299,USER_186,165186,E-Wallet,Utilities,Đà Nẵng,0,0,5,1,-0.02,165186
TXN20261704,2026-01-07 23:28:14.220870,USER_489,4282148,E-Wallet,Utilities,Đà Nẵng,0,23,2,0,21230.41,4282148
TXN20261705,2025-08-07 16:58:10.611827,USER_452,2046838,E-Wallet,Supermarket,Hà Nội,0,16,3,0,11381.93,2046838
TXN20261708,2025-06-28 22:38:10.792255,USER_250,4987376,E-Wallet,Supermarket,TP.HCM,0,22,5,1,-0.02,4987376
TXN20261711,2025-12-02 15:20:05.114599,USER_165,2441466,E-Wallet,Supermarket,Hải Phòng,0,15,1,0,46216.5,2441466
TXN20261719,2025-10-26 15:57:25.729953,USER_402,2480687,E-Wallet,Supermarket,Đà Nẵng,0,15,6,1,134450.1,2480687
TXN20261721,2025-11-29 13:57:56.136193,USER_368,3338288,E-Wallet,Shopping,Hải Phòng,0,13,5,1,-0.02,3338288
TXN20261729,2026-02-18 13:27:29.382254,USER_348,1552748,E-Wallet,Shopping,Cần Thơ,0,13,2,0,268870.8,1552748
TXN20261731,2025-08-07 20:05:54.791846,USER_129,1211521,E-Wallet,Shopping,Hà Nội,0,20,3,0,154138.22,1211521
TXN20261733,2025-06-12 06:11:34.686002,USER_345,4936638,E-Wallet,Transport,Hải Phòng,0,6,3,0,94662.82,4936638
TXN20261734,2026-01-02 17:02:59.283349,USER_233,1109891,E-Wallet,Supermarket,Hà Nội,0,17,4,0,-0.02,1109891
TXN20261738,2025-06-07 17:31:35.984997,USER_168,3268629,E-Wallet,Transport,Hà Nội,0,17,5,1,-0.02,3268629
TXN20261742,2025-08-08 02:57:25.422590,USER_428,2338552,E-Wallet,Shopping,Đà Nẵng,0,2,4,0,114806.72,2338552
TXN20261743,2026-02-03 05:53:46.839448,USER_496,1680456,E-Wallet,Food & Beverage,TP.HCM,0,5,1,0,-0.02,1680456
TXN20261754,2026-02-04 05:54:36.896461,USER_343,1864166,E-Wallet,Shopping,Cần Thơ,0,5,2,0,-0.02,1864166
TXN20261762,2025-07-12 04:07:12.157796,USER_344,4726676,E-Wallet,Supermarket,Đà Nẵng,1,4,5,1,-0.02,4726676
TXN20261766,2025-10-04 22:19:44.402058,USER_356,2515765,E-Wallet,Shopping,Đà Nẵng,0,22,5,1,-0.02,2515765
TXN20261769,2025-12-15 01:57:08.661497,USER_487,1959024,E-Wallet,Food & Beverage,Hà Nội,0,1,0,0,-0.02,1959024
TXN20261772,2025-05-02 11:30:59.076635,USER_149,975542,E-Wallet,Shopping,TP.HCM,0,11,4,0,-0.02,975542
TXN20261774,2025-04-17 03:13:23.351530,USER_172,350193,E-Wallet,Transport,Hải Phòng,0,3,3,0,-0.02,350193
TXN20261776,2025-03-30 08:17:37.301999,USER_390,3069174,E-Wallet,Utilities,Hà Nội,0,8,6,1,-0.02,3069174
TXN20261777,2026-02-23 17:08:19.970719,USER_336,3549991,E-Wallet,Shopping,Đà Nẵng,0,17,0,0,-0.02,3549991
TXN20261778,2026-03-25 15:32:24.440464,USER_167,2979083,E-Wallet,Supermarket,Hà Nội,0,15,2,0,451.42,3890434
TXN20261781,2025-09-30 01:53:05.733253,USER_455,1546564,E-Wallet,Food & Beverage,Hà Nội,0,1,1,0,-0.02,1546564
TXN20261791,2025-07-05 05:12:39.247268,USER_236,2531782,E-Wallet,Transport,TP.HCM,0,5,5,1,-0.02,2531782
TXN20261792,2026-02-19 22:10:26.873137,USER_467,881925,E-Wallet,Supermarket,Đà Nẵng,0,22,3,0,-0.02,881925
TXN20261793,2025-09-03 17:57:56.449122,USER_293,3373750,E-Wallet,Transport,Cần Thơ,0,17,2,0,186050.92,3373750
TXN20261800,2025-04-07 12:28:45.618667,USER_345,4082687,E-Wallet,Supermarket,Hải Phòng,0,12,0,0,-0.02,4082687
TXN20261801,2025-04-17 23:31:59.520439,USER_213,946623,E-Wallet,Transport,Hà Nội,0,23,3,0,-0.02,946623
TXN20261802,2026-03-21 08:40:37.317769,USER_226,3525281,E-Wallet,Supermarket,Hà Nội,0,8,5,1,371437.71,3525281
TXN20261804,2025-11-21 11:41:04.118172,USER_304,344504,E-Wallet,Supermarket,Cần Thơ,0,11,4,0,-0.02,344504
TXN20261806,2025-06-30 04:51:27.905275,USER_450,4929285,E-Wallet,Shopping,Hải Phòng,0,4,0,0,-0.02,4929285
TXN20261812,2025-06-14 10:57:42.277011,USER_429,4337638,E-Wallet,Supermarket,Hà Nội,0,10,5,1,-0.02,4337638
TXN20261813,2025-10-01 17:46:28.024068,USER_495,648800,E-Wallet,Utilities,TP.HCM,0,17,2,0,-0.02,648800
TXN20261814,2025-04-06 01:48:55.933106,USER_478,3024162,E-Wallet,Shopping,Đà Nẵng,0,1,6,1,-0.02,3024162
TXN20261820,2025-07-03 01:36:15.445316,USER_190,3792753,E-Wallet,Food & Beverage,Hà Nội,0,1,3,0,-0.02,3792753
TXN20261821,2025-05-19 11:51:52.440743,USER_337,2513923,E-Wallet,Utilities,Hải Phòng,0,11,0,0,-0.02,2513923
TXN20261824,2025-12-17 15:32:10.443868,USER_142,2422525,E-Wallet,Food & Beverage,TP.HCM,0,15,2,0,298450.53,2422525
TXN20261831,2025-04-20 13:56:38.567373,USER_209,3487780,E-Wallet,Transport,TP.HCM,0,13,6,1,-0.02,3487780
TXN20261832,2025-11-01 17:49:48.871232,USER_108,2030503,E-Wallet,Shopping,Hà Nội,0,17,5,1,-0.02,2030503
TXN20261834,2025-10-11 05:45:36.033211,USER_129,1062432,E-Wallet,Supermarket,Hải Phòng,0,5,5,1,92739.69,1062432
TXN20261837,2026-01-18 14:30:38.610617,USER_459,681738,E-Wallet,Food & Beverage,Hải Phòng,0,14,6,1,92991.9,681738
TXN20261849,2025-08-20 15:57:45.841631,USER_469,2274315,E-Wallet,Utilities,Hải Phòng,0,15,2,0,-0.02,2274315
TXN20261852,2025-07-30 06:35:43.233562,USER_243,1641191,E-Wallet,Supermarket,Đà Nẵng,0,6,2,0,-0.02,1641191
TXN20261853,2026-01-09 07:08:56.062050,USER_159,2407976,E-Wallet,Food & Beverage,TP.HCM,0,7,4,0,195178.96,2407976
TXN20261854,2025-08-22 03:18:34.577697,USER_490,1433718,E-Wallet,Supermarket,Hải Phòng,0,3,4,0,-0.02,1433718
TXN20261857,2025-11-10 13:30:58.967617,USER_358,131792,E-Wallet,Transport,TP.HCM,0,13,0,0,50313.08,131792
TXN20261861,2026-03-24 14:58:07.548958,USER_295,3961146,E-Wallet,Transport,TP.HCM,0,14,1,0,77192.8,3961146
TXN20261863,2025-06-06 12:50:20.843925,USER_320,3631354,E-Wallet,Transport,Cần Thơ,0,12,4,0,-0.02,3631354
TXN20261867,2026-01-05 22:10:34.812551,USER_129,2536535,E-Wallet,Transport,Hải Phòng,0,22,0,0,124824.98,2536535
TXN20261874,2025-07-20 12:49:23.289654,USER_415,1064985,E-Wallet,Supermarket,Cần Thơ,0,12,6,1,-0.02,1064985
TXN20261876,2026-03-12 00:41:45.046970,USER_137,1558760,E-Wallet,Transport,Hà Nội,0,0,3,0,285820.29,1558760
TXN20261878,2025-06-08 05:32:00.152004,USER_486,614623,E-Wallet,Food & Beverage,TP.HCM,0,5,6,1,5940.61,614623
TXN20261880,2025-04-20 15:59:41.596375,USER_137,876451,E-Wallet,Shopping,Hà Nội,0,15,6,1,-0.02,876451
TXN20261881,2025-08-28 23:46:59.593957,USER_263,2309680,E-Wallet,Shopping,Đà Nẵng,0,23,3,0,-0.02,2309680
TXN20261883,2025-04-26 08:01:40.041179,USER_428,303517,E-Wallet,Supermarket,Cần Thơ,0,8,5,1,21570.14,303517
TXN20261884,2025-11-19 11:58:05.852017,USER_104,2494493,E-Wallet,Transport,Đà Nẵng,0,11,2,0,114637.06,2494493
TXN20261891,2025-12-02 19:46:08.094809,USER_216,1173995,E-Wallet,Utilities,Hà Nội,0,19,1,0,293598.77,1173995
TXN20261896,2025-12-05 16:48:15.495472,USER_187,894026,E-Wallet,Shopping,Cần Thơ,0,16,4,0,-0.02,894026
TXN20261912,2025-12-12 09:19:09.847437,USER_287,2341096,E-Wallet,Food & Beverage,Đà Nẵng,0,9,4,0,192707.01,2341096
TXN20261913,2025-05-23 07:45:52.424467,USER_142,750365,E-Wallet,Supermarket,TP.HCM,0,7,4,0,-0.02,750365
TXN20261918,2025-11-04 06:24:32.301018,USER_357,2453328,E-Wallet,Food & Beverage,Đà Nẵng,0,6,1,0,-0.02,2453328
TXN20261928,2026-01-31 02:53:42.068808,USER_130,3323367,E-Wallet,Transport,TP.HCM,0,2,5,1,107799.19,3323367
TXN20261931,2025-08-10 22:16:55.443769,USER_499,122031,E-Wallet,Shopping,Đà Nẵng,0,22,6,1,-0.02,122031
TXN20261933,2025-06-24 23:24:54.825830,USER_459,3124206,E-Wallet,Shopping,Hải Phòng,0,23,1,0,-0.02,3124206
TXN20261937,2026-02-10 04:19:07.295204,USER_388,3929923,E-Wallet,Food & Beverage,Hà Nội,0,4,1,0,114359.24,3929923
TXN20261941,2025-12-25 04:58:07.533447,USER_266,3900126,E-Wallet,Supermarket,Hà Nội,1,4,3,0,107337.12,3900126
TXN20261942,2025-08-05 11:58:12.434916,USER_330,1193105,E-Wallet,Food & Beverage,Cần Thơ,0,11,1,0,-0.02,1193105
TXN20261946,2025-10-07 04:17:58.864171,USER_205,2040818,E-Wallet,Supermarket,TP.HCM,0,4,1,0,-0.02,2040818
TXN20261949,2025-07-10 11:37:18.846058,USER_481,4733388,E-Wallet,Shopping,Đà Nẵng,0,11,3,0,154112.17,4733388
TXN20261953,2025-12-28 22:35:20.398203,USER_413,571625,E-Wallet,Food & Beverage,Hà Nội,0,22,6,1,-0.02,571625
TXN20261955,2025-03-29 16:14:24.664659,USER_125,686502,E-Wallet,Shopping,TP.HCM,0,16,5,1,-0.02,686502
TXN20261956,2025-11-04 09:54:32.900973,USER_341,4413995,E-Wallet,Shopping,TP.HCM,0,9,1,0,159934.33,4413995
TXN20261973,2026-02-20 21:16:49.228301,USER_269,4845428,E-Wallet,Supermarket,Hà Nội,0,21,4,0,477334.21,4845428
TXN20261974,2026-01-23 07:24:05.087055,USER_164,1265301,E-Wallet,Shopping,Hải Phòng,0,7,4,0,212949.27,1265301
TXN20261978,2025-10-21 07:06:31.281705,USER_447,4384022,E-Wallet,Supermarket,Hải Phòng,0,7,1,0,2571.4,4384022
TXN20261979,2025-04-27 09:28:55.959836,USER_217,3791722,E-Wallet,Supermarket,Đà Nẵng,0,9,6,1,-0.02,3791722
TXN20261982,2025-08-17 19:01:05.068672,USER_412,1397407,E-Wallet,Utilities,TP.HCM,0,19,6,1,-0.02,1397407
TXN20261987,2025-04-27 08:32:23.171337,USER_226,4001202,E-Wallet,Transport,Hải Phòng,0,8,6,1,-0.02,4001202
TXN20261988,2025-08-31 22:30:28.526845,USER_124,4069247,E-Wallet,Transport,Đà Nẵng,0,22,6,1,85421.68,4069247
TXN20261998,2025-08-31 03:31:43.956125,USER_132,1967513,E-Wallet,Shopping,TP.HCM,0,3,6,1,61607.2,1967513
